id,problem,answer,memo,is_correct,answer_count,last_answered_date
3,"storageで容量無制限なのはs3, EFS, EBS？",S3,,True,0,2025-02-12
4,EBSの指標のIOPSについてせつめいしてください,"IOPSの「PS」の部分は「Per Second(1秒あたりの)」という意味があるので、統合して考えるとIOPSとは「ストレージが1秒あたりに処理できるI/Oアクセスの数」ということになります。
",,False,0,2025-02-12
7,VPC間で接続する方法は二つを答えて,VPC ピアリング接続、transit gateway,,True,0,2025-02-12
8,VPC間でのせつぞくにおいて、ネットワーク構成が複雑な場合は二つある方法のうちどちらを選ぶか。,transit gateway,,True,0,2025-02-12
10,SQSの可視性タイムアウトについて具体例を出して説明してください。,,あああ,True,0,2025-02-12
12,sqsのデッドレターキューについて説明," 正常に処理できないメッセージがキュー内に残り続けないように、移動させる機能になります。
「これもう処理出来ないよ」って箱に入れるイメージかな？","参考サイト
https://qiita.com/memomaruRey/items/af1cfa19a20071b48ffe",False,0,2025-02-12
13,標準キューとFIFOキューのうち、配信順序をベストエフォートではなく、必ず保証したい場合は、どちらを使用するか？,FIFOキュー,,True,0,2025-02-12
17,amazon auroraにはリードレプリカが存在するが、amazon RDSはリードレプリカの機能は持ち合わせているか,持ち合わせている。,,True,0,2025-02-12
18,auroraはスループットが高いことで有名だが、どのようにして高いことをawsは謳っているか,Mysqlの5倍のスループット、postgresqlの3倍のスループット   つまりMySQLの最大5倍、PostgreSQLの最大3倍高速,,True,0,2025-02-12
25,1年間または3年間の長期利用を予約することで費用を抑えることができるのはリザーブドインスタンスかオンデマンドインスタンスか。,リザーブドインスタンす　→  名前の意味通り,,True,0,2025-02-12
26,通常のインスタンス購入方式はオンデマンドインスタンス、リザーブドインスタンス、スポットインスタンスのどれか？,オンデマンドインスタンス,,True,0,2025-02-12
21,auroraはdefaultでマルチAZに対応している。まるかばつか,まる,,True,1,2025-03-14
16,NAT gatewayはpublic subnetに配置する？それともprivate subnet?,public subnet,,True,0,2025-03-01
5,IOPS数値が高いと何がいいのか？ ,データ量の急激な増加が問題視されている中、システムパフォーマンスが低下し、相対的に生産性が低下してしまっています。ストレージのIOPS数値が高いと、システムパフォーマンスを最大限に高め、生産性も向上できるのです。,,True,2,2025-03-01
24,global databaseはRDSの機能か。auroraの機能か,aurora,,True,1,2025-03-13
6,セキュリティグループがステートフルとはどういうことですか？,"ネットワークACLはステートレスです。この場合のステートレスとは、出の通信と入りの通信（戻ってくる通信）は別々に評価されます。つまり、出の通信は許可するが、戻ってくる入りの通信は拒否するということが可能になります。

セキュリティグループはステートフルです。出の通信が許可されていれば、入りの通信（戻ってくる通信）は自動的に許可されます。",いい,True,2,2025-03-14
23,Amazon AuroraのリージョンまたぎでDBを同期してくれる機能」をなんという？,グローバルDB,,False,1,2025-03-08
19,RDSではリードレプリカを最大5個まで作成できるが、Auroraではリードレプリカを何個作成できるか,15,,True,1,2025-03-01
20,aurora serverlessはどのような特徴があるか,webアプリケーションのニーズに応じて、自動的に起動、シャットダウン、および自動でDBインスタンスをきどうする,,False,2,2025-03-09
11,SQSについて用語であるプロデューサ、メッセージ、コンシューマについて頭でアウトプットしてください。,"プロデューサ：メッセージを送るアプリ
;コンシューマ：メッセージを受け取るアプリ",おいう,True,8,2025-03-13
28,どうしてELBを使用するか。説明してください。,例えば、Webサーバーとして機能するEC2インスタンスが複数台あり、それらへアクセスを分散させて安定稼働を図りたい場合等に用いられる。;同じ構成のec2インスタンスを別々のAZに配置することがえき、負荷分散が可能です。,,True,0,2025-02-12
34,ルートテーブルの「送信先」には何を指定すればよいか,宛先のIPアドレス,,True,0,2025-02-12
36,インターネットゲートウェイをルートテーブルに設定するとどうなるか,インターネットと直接接続できる状態にできる。デフォルトのルートテーブルVPC内しかルーティングが向いていません。,"
インターネットゲートウェイは「VPCという閉じられた世界」から「膨大なインターネットの世界へ」とつなぐ門としての役割を担っています。",True,0,2025-02-12
37,アクセス頻度が決まっていないデータをS3に保存する場合、どのストレージクラスにデータを保存すれば良いか,s3 intelligent-tiering,,True,0,2025-02-12
38,standard-IAやone-zone IAのIAは何という意味か。,infrequency access.  低頻度アクセス用のストレージ,,True,0,2025-02-12
40,glacierについて、なぜデータの長期保存に向いているのか,s3のストレージクラスの中では最もコストが安いから,,True,0,2025-02-12
43,Glacier ではデータをアップロードすると、そのデータをアーカイブ化して圧縮します。その上で、（A)というスペースにデータを保存します。（A)に入る単語は？,ボールト vault,,True,0,2025-02-12
44,Route53は何をするサービスか？,独自のDNSサーバをAWS上に設置するサービス,,False,0,2025-02-12
47,route53のヘルスチェエクは何をする,指定したエンドポイント（IPアドレスやドメイン名）に対して定期的にリクエストを送り、その応答を監視することで、エンドポイントの可用性や健全性を確認する機能です。,,False,0,2025-02-12
41,データの使用頻度が不明であり、アクセスされるデータとアクセスされないデータが混在している場合はどのs3ストレージクラスを使用するか,"s3 intelligent-tiering
",,True,1,2025-03-03
46,AWSのRoute53で使用されるレコードを5こ列挙してください。,"A（Address）レコード
AAAA（IPv6 Address）レコード
CNAME（Canonical Name）レコード
Aliasレコード（Route 53独自）",,False,1,2025-03-02
42,s3 glacier flexible retrievalとglacier instant retrievalのうち迅速にデータを取り出し可能なのはどちらか,glacier instant retrieval,,True,1,2025-03-02
31,ELBにおいて複数のアベイラビリティーゾーンに設置された複数のEC2インスタンスに着信要求を均等に分散する機能をなんというか？,クロスゾーン負荷分散,,True,4,2025-02-20
45,AWSにおいて、CNAMEレコードではなくて、ALIASレコードを使用すべき理由。,"CNAMEレコード名でアクセスしたらAレコード名を返す。
でも通信するためにはIPアドレスが欲しいので、Aレコードが返されたらそのAレコード名を使用して名前解決をしてIPアドレスを受け取る。

対して、Aliasレコードでは、クライアントとRoute53の通信は１回で済むのでCNAMEを使うよりも通信の速度が上がる","https://www.youtube.com/watch?v=Ly_7Z5BPcOc

上記の動画の3分から視聴してください。",False,1,2025-02-22
30,ELBのconnection drainingについて説明してください,"ELBのConnection Drainingは既存の接続を開いたまま、登録解除または異常なインスタンスへのELBのリクエスト送信を停止する機能です。これにより、ロードバランサーは、登録解除または異常なインスタンスに対して行われた実行中のリクエストを完了するトラフィック処理を実施します。
",,True,2,2025-03-14
33,ルートテーブルはどういう役割を持っているか,VPC内でネットワークトラフィックがどこに向かうか決めるもの,,False,2,2025-03-09
50,Assume Role について説明してください。あるAWSリソースまたはアプリケーションが、別の（A）を引き受けて、そのロールに付与されている一時的な権限を利用する,IAMロール,,False,0,2025-03-15
27,スケジュールドリザーブドインスタンスは廃止になりました。その代用としてどのようなサービスで同じ要件を満たすか。,オンデマンドインスタンスのキャパシティー予約,,True,1,2025-03-03
35,ルートテーブルの「ターゲット」には何を指定するか？二つ答えよ,"local, インターネットゲートウェイやNATゲートウェイ",,False,2,2025-03-10
51,タスク　サービス　クラスタ　について　説明してください。,タスク　→ コンテナ群のこと（dockerなどをイメージすると良い);サービス　→ クラスタ内でコンテナ群（タスク）を管理するもの（役割）;クラスタ　→ 一番外の大枠,ECSの基本について,True,1,2025-03-14
29,NLBはOSI参照モデルの第何層で動作するか？,4層（トランスポート層）,,False,1,2025-03-09
32,Auto ScalingグループにALBのターゲットグループを構成して、EC2インスタンスを複数の（A）に分散させます。,"AZ
リージョンではない",,False,3,2025-03-09
52,aws organizationの目的, 複数のawsアカウントを一元管理する,,True,0,2025-02-12
53, VPC とオンプレミスネットワークを接続するクラウドルーターにはどのサービスがあるか？,transit gateway,,True,0,2025-02-12
54,transit gatewayは究極なにか？,中央ハブ,,True,0,2025-02-12
56,transit gatewayには二つの部品がある。なにとなにか。,transit gateway アタッチメントとtransit gatewayルートテーブル,,False,0,2025-02-12
57,VPCの接続元とVPCの接続先の二つあるとき、Transit gatewayアタッチメントはいくつ作成するか,二つ,"参考
https://www.youtube.com/watch?v=YrlxdSPCINA",False,0,2025-02-12
58,VPCピアリングとtransit gatewayは似たような機能だが、ネットワークが複雑な場合はどちらを使う？,transit gateway,,True,0,2025-02-12
59,lambda関数からrdsに接続して使用したい場合は、何を使用するのが良いか,rds proxy,"Lambda を利用してrdsにアクセスする際は　rds proxyと覚える。
",True,0,2025-02-12
61,amazon auroraにはリードレプリカが存在するが、amazon RDSはリードレプリカの機能は持ち合わせているか,持ち合わせている。,,True,0,2025-02-12
62,S3 glacierの種類を3つ述べてください,"glacier deep archive, glacier instant retrieval, glacier flexible retriebal",,True,0,2025-02-12
63,Glacier ではデータをアップロードすると、そのデータをアーカイブ化して圧縮します。その上で、（A)というスペースにデータを保存します。（A)に入る単語は？,ボールト vault,,True,0,2025-02-12
65,glacierの取り出し方法にはどのようなものがあるか。3つこたえて、,標準取り出し、　大容量取り出し、　迅速取り出し,,True,0,2025-02-12
70,memcachedとredisのうちマルチスレッドはどちらか？,memcached,,False,0,2025-02-12
76,VPCエンドポイントのゲートウェイ型のコストは無料？有料？,無料,,True,0,2025-02-12
78,署名付きURLと署名付きCookieにおいて現在のURLを変更したくない場合はどちらを利用する？,署名付きCookie,,True,0,2025-02-12
72,vpcエンドポイントのゲートウェイ型では二つのサービスのみが対応している。それらを答えよ,"S3, dynamodb",,True,8,2025-02-25
85,データの転送が主な用途なのはkinesis data stream? aws data firehose?,aws Data Firehose,,True,0,2025-02-28
69,elasticacheの種類2つ,"memcached
redis",,False,1,2025-02-20
74,vpcエンドポイントのゲートウェイ型を使用したいケースを一つ答えよ,アプリケーション(EC2)がVPC内にデプロイされており、Amazon S3に頻繁にデータをアップロードまたはダウンロードする。,,False,0,2025-03-17
80,awsの DLMを使用することでなにができる。,Amazon EBSのボリュームのスナップショット作成,,False,2,2025-02-25
60,global databaseはRDSの機能か。auroraの機能か,aurora,,True,1,2025-02-23
83,Zero administration = 管理不要はamazon data firehose かkinesis data streamsのどちらか,kinesis data firehose,,True,0,2025-02-28
77,VPCエンドポイントにおいてオンプレミス環境からもAWSサービスにネットワーク接続できるのはインターフェース型か、ゲートウェイ型か。,インターフェース型,,False,1,2025-03-17
86,amazon data firehose のデータの転送先を2つ答えよ,"s3, redshift",,True,0,2025-03-01
84,受け取ったデータを受け取ってからすぐに送信先に保存するためのサービスはkinesis data stream？amazon data firehose?,firehose,,True,0,2025-03-01
68,インメモリデータベースとは？,データの保存、処理をメモリ（主記憶装置）上で行うこと,"AWS RDSでは処理をメモリ、データはストレージに保存しているのに対して、
elastic cacheではメモリで処理してデータもメモリに保存している。",False,1,2025-03-03
81,SQSとKinesis Data Streamsの違いをデータ削除の観点と拡張性の観点から述べてください？両方ともコンシューマーとプロデューサがあるが、,データの削除の観点では、SQSではキューからデータを取り出した際に、処理が完了したデータは削除するのに対して、kinesisの方では一度取り出したデータを削除せず一定期間保持します。;データの拡張性の観点ではKinesis Data Stremasは送信されてくるデータの量に応じてシャドーの数を増やすことができる。,ああ,True,1,2025-03-01
79,DLMはAWSの何のサービスと一緒に使うか？,EBS,,True,1,2025-03-02
66,glaicertはデフォルトで保存データを暗号化しているサービスか？,YES,,False,0,2025-03-13
64,glacierについて、なぜデータの長期保存に向いているのか,s3のストレージクラスの中では最もコストが安いから,,True,0,2025-03-13
67,ミリ秒単位で瞬時にデータが取得可能なglacierの種類は何か？,glacier instant retrieval,,True,0,2025-03-13
73,インターフェース型のVPCエンドポイントは、(A)と呼ばれるサービスを使って、各サービスを接続させることができる。(A)は？,PrivateLink,,False,0,2025-03-17
71,vpcエンドポイントには型が二つある。それらを答えよ,ゲートウェイ型とインターフェース型,,False,1,2025-03-17
88,VPCピアリングとtransit gatewayは似たような機能だが、ネットワークが複雑な場合はどちらを使う？,transit gateway,,True,0,2025-02-12
96,スループットとレイテンシーについて説明してください。,"スループットは「時間あたりの処理能力」
;レイテンシーは「ポチってから応答が返るまでの時間」のこと。数え方は「低い（良い）」か「高い（悪い）」。
通信の遅延時間とも言う。",,False,0,2025-02-12
99,瞬間部分積分が有効なパターン２,"整式×　三角関数
整式　×　指数関数",∫(x^3 +x)cosxdx を計算せよ。 ←瞬間部分積分が適用できる例,False,0,2025-02-12
107,■area(integral) 解法,直線や扇形を含む図形 -> パズルする,,False,0,2025-02-12
113,silver bromide //日本語で,臭化銀,,True,0,2025-02-12
115,苦味受容体を反応させる苦味物質の名称は？,フェニルチオカルバミド,,False,0,2025-02-12
118,酸素解離度曲線が左にシフトすると酸素と結合しやすくなるか。結合しにくくなるか。ネットで曲線を検索して図を見て答えて,"結合しやすくなる。
理由は、酸素濃度が同じであるのに対して、HbO2の割合が増えるから。",,False,0,2025-02-12
94,ECSはAutoScalingに対応しているか？,している。,,True,0,2025-02-14
90,aws directory serviceの種類を3つ答えよ,"simpleAD
aws microsoft managed AD
AD connector",,False,0,2025-02-16
112,MOS Metal-Oxide-Semiconductor 記憶素子,,かなり古い用語,False,0,2025-03-07
119,酸素解離度曲線を英語で答えよ,oxygen-hemoglobin dissociation curve,,False,1,2025-02-16
97,ジョルダンの不等式について知っていることをアウトプットしてください。,"0≤x≤  2 π ​   において，  2 π x ≤ sin ⁡ x ≤ x π 2 ​  x≤sinx≤x,",https://examist.jp/wp-content/uploads/mathematics/derivation-application/totusei-sessen-futousiki-20170318@2x.png,False,1,2025-03-09
95,Auto Scalingグループの最大のEC2の起動台数はいくつか,5,,True,2,2025-02-22
104,"(a, 0),(b, 0)を通るlineのequation",x/a + y/b = 1,,True,2,2025-03-03
89,lambdaはVPC内に構成することができるか,できる,,True,2,2025-02-28
102,x^2 = 1 ⇔x = 1 or x = -1 or x = 2の真偽,"左から右は真
右から左は偽",,True,1,2025-02-20
109,[integral計算脳死処理]根号をみたら（A）に外す。,基本的,,False,0,2025-02-20
241,irritant,刺激物,,False,2,2025-03-09
103,直線のなす角 解法2,"正接の利用
法線ベクトル利用","https://examist.jp/mathematics/trigonometric/line-angle/
https://math.nakaken88.com/textbook/standard-normal-vector-and-angle-between-lines/
↑参考",True,1,2025-02-23
87,Amazon data firehoseにおいてデータ変換機能を有効化することで、データを取り込んだ時に（A)が呼び出され、その記述に沿って形式が変換されます。（A)は？,lambda関数,,True,0,2025-02-28
91,(A)を利用することで、オンプレミスのADにあるユーザ情報を使用して、AWSアプリケーションに接続することができる。,AD connector,,False,1,2025-02-28
116,コルチ器を構成するものが二つある。答えよ,おおい膜、;聴細胞,,True,1,2025-03-10
101,「ベクトル終点の存在範囲」の解法を二つ答えよ,"係数の関係式(条件式)
係数の範囲",,False,1,2025-03-01
111,極限の値が与えられている数列の極限の解法。n次式型の場合と一次方程式の場合を答えて,"n次式型　→　打ち消す
1次方程式　→　まるごと置換",,False,0,2025-03-01
117,聴細胞は何の振動により興奮させられるか。,基底膜basement membrane,,True,3,2025-03-07
92,Amazon Managed Service for Apache Flinkではストリーミングデータをクエリ処理によって分割してから、直接に（A)に保存することができます,Amazon S3バケット,,False,2,2025-03-03
98,はさみうちのげんりをするときにたまーに一緒に使う定理,二項定理,https://examist.jp/mathematics/limit/nikouteiri-kyokugen/,True,2,2025-03-10
121,一塩基多型をアルファベット三文字でなんという？,SNP,,True,1,2025-03-05
105,"(a, b)を中心とする円の(p, q)における接線の方程式",(p-a)(x-a) + (q-b)(y-b) = r^2,,False,2,2025-03-08
568, He values his friendship.,彼は彼の友情を大切にする,,True,1,2025-03-12
108,斜軸回転体の初手　,斜めの変数で体積を設定,https://hiraocafe.com/note/shajikukihon.html,False,1,2025-03-13
600,detective story,探偵小説,,True,1,2025-03-14
110,サイコロの最大値、最小値の確率の問題の初手,x = kとなる確率P(x=k)とする,,False,3,2025-03-14
100,sinxの積分漸化式の解法の流れ,In+2から部分積分法で進める,https://examist.jp/mathematics/integration-expression/sekibunzenkasiki/,False,1,2025-03-14
129,「独占」により物の価格を不自然に操作する　例,diamond,,True,0,2025-02-12
130,ROAとROEの違いを説明してください。,"ROE（％）=当期純利益÷純資産（総資産－負債）×100
ROA 当期純利益 ÷ 総資産 × 100",,False,0,2025-02-12
137,explan overfitting,"過学習とは、「コンピューターが手元にあるデータから学習しすぎた結果、予測がうまくできなくなってしまった」という状態です。

",,True,0,2025-02-12
138,what is the cause of 'overfitting'?,"過学習が起きる原因としては、予測や分類をするうえで、訓練データ中の本質的でないノイズのようなデータにまで、過剰に「合う」ように学習が行われることや、多数の重み係数を少数のデータから決めようとすることが挙げられます。一旦、過学習の傾向が現れると、未知データに対する性能が落ちていくことが生じます。
",,True,0,2025-02-12
142,indexに関係のあるalgorithmのジャンルは？,tree,,False,0,2025-02-12
143,インデックスを作成すると検索が早くなる代わりに何が遅くなる？,insert update,"
",False,0,2025-02-12
145,ロールバックのイメージが「巻き戻し」に対して、ロールフォワードのイメージは何か？,先へ進める,https://itmanabi.com/rollback-rollforward/,False,0,2025-02-12
146,データはどこにはいってるの？そもそも,ディスク　hdd ssd,,True,0,2025-02-12
150,window functionは3つに分類できる。こたえよ,"⚫︎Aggregate window functions
;⚫︎Value window functions
;⚫︎Ranking window functions",,False,0,2025-02-12
124,スプライシングにおいて除去される配列の名称をなんという？,イントロン,,True,2,2025-02-25
127,アンチセンス鎖よりmRNAを転写する酵素の名称は？,RNAポリメラーゼ,,True,2,2025-02-23
122,一塩基多型（SNP）について説明,DNAの塩基配列に1つの塩基が変化した遺伝的変異,,False,1,2025-02-23
136,CNNは日本語でなんと呼ばれている？,畳み込みニューラルネットワーク,,True,1,2025-02-22
149,windows functionの例を二つあげて,"row_number, ranm",,False,2,2025-03-13
144,トランザクションTはチェックポイント取得後に完了したが，その後にシステム障害が発生した。データベースをトランザクションTの終了直後の状態に戻すために用いられる復旧技法はどれか。ロールバック？ロールフォワード,ロールフォワード,,False,1,2025-03-01
128,原核生物の転写、翻訳では、転写と翻訳が同時に起きるか。もしくは転写が完了した後に翻訳が起きるか。どちらか。,同時に起きる,,True,1,2025-02-25
125,真核生物においてスプライシングはどこで行われるか？,核,,True,1,2025-02-28
139,viewを使用する目的は？,"ビューとして定義しておけば、ユーザーはビューにアクセスするだけで自動的に作成済みのクエリが実行されるため、開発効率を大幅に削減することが可能となります。

→つまり結合したテーブルを保存できるということ→同じSQLの繰り返しを防げる",,False,1,2025-03-02
135,CNNが価値を発揮している分野は何か？,一般物体認識,,True,1,2025-03-01
147,having clauseを応用して何ができるか,歯抜けのデータを探すことができる。,"https://qiita.com/ryosuketter/items/8d41db1148ee8be6ddc3
",False,1,2025-03-01
133,CNNについて説明してください。,CNNとは、「Convolutional Neural Network」を略した言葉であり、日本語では「畳み込みニューラルネットワーク」とも呼ばれています。いくつもの深い層を持ったニューラルネットワークであり、主に画像認識の分野において価値を生んでいるネットワークです。,aa,False,2,2025-03-04
123,スプライシングは真核生物では行わない。これは◯か×か。　,"×
スプライシングは真核生物のみで行われる。",,False,1,2025-03-06
126,RNAは二本鎖である。マルカバツか。,"×
一本鎖",,True,1,2025-03-08
134,CNNの主要な層のうち、プーリング層について説明してください。,"また、プーリング層では条件に応じて、画像内のある領域毎に画像のサンプリング操作を行います。

例えば、図では画像内で2×2の範囲毎に最大値を取り出す操作(マックスプーリング)を行っています。

以下、このプーリングを行う範囲をウィンドウと呼ぶことにします。",,False,2,2025-03-12
153,AVL treeの定義,二分探索木にさらに どのノードにおいても左の子の高さと右の子の高さの差が 1 以下,,False,0,2025-02-12
154,raid0をなんとよぶ,ストライピング,,False,0,2025-02-12
155,raid0の目的は？,"パフォーマンスを向上させる。
具体的にはデータを複数のディスクに分散して書き込む（ストライピング）ことで、読み書き速度が単一のディスクよりも大幅に向上します。",,False,0,2025-02-12
157,raid2とraid0の違いは？,"ともにデータの書き込みにストライピングを用います。
RAID0との大きな違いは、HDDが故障した際でもデータの復元が行える点です。",,False,0,2025-02-12
161,やあエリカ,say Erika,,True,0,2025-02-12
162,虫歯,cavity,,True,0,2025-02-12
165,循環器疾患,cardiovascular disease,,True,0,2025-02-12
169,water authority,水道局,,True,0,2025-02-12
173,fray (noun),"battle, fight",,False,0,2025-02-12
176,This policy serves to protect customers.,この方針は顧客を保護するのに役立つ。,,False,0,2025-02-12
177,turnip,かぶ,,True,0,2025-02-12
178,They tried to make sense of the email from their boss.,"－ 彼等は、上司から送られてきたメールの意味を理解しようとした。
",,True,0,2025-02-12
179,blanket term,総称,,True,0,2025-02-12
187,extravagant meal,ごちそう,,True,0,2025-02-12
190,proterisis,タンパク質分解,,False,0,2025-02-12
201,standard deviation,標準偏差,,True,0,2025-02-14
186,Parabola,"放物線
",,True,0,2025-02-14
195,simultaneous equation,連立方程式,,True,0,2025-02-14
191,Argon,アルゴン　元素,,True,0,2025-02-14
170,nobility,"the quality of being noble in character, mind, birth, or rank",,True,2,2025-02-15
175,The grassroots support for the candidate was evident in the large turnout at the rally.,その候補者への草の根の（一般市民の）支持は、集会への多くの参加者で明らかだった。,,False,1,2025-02-15
180,電圧,voltage,,True,1,2025-02-15
202,what is adjective related to nose?,nasal,"ex)
the nasal cavity 鼻腔
nasal congestion 鼻詰まり",True,0,2025-02-16
182,Harriet felt more estranged from her daughter than ever”,ハリエットは娘との距離をかつてないほど感じていた」。,,True,2,2025-03-01
197,停止　（stop以外で）,suspension,,True,2,2025-02-23
158,細分化したデータを複数の磁気ディスクに巡回的に並列入出力することによって，転送速度の向上を図っている。これはraid?の説明？,0,,False,1,2025-03-08
199,an association between two organisms in which one benefits and the other derives neither benefit nor harm.,commensalism(biology),,True,2,2025-03-01
181,• There is no danger of contagion.,感染の危険はありません,,True,9,2025-03-12
198,what is Hormone that promotes water reabsorption in the collecting duct of the kidney,vasopressin,,True,3,2025-02-23
152,後に来たデータを先に処理する（LIFO（Last in First out：後入先出法））のデータ構造をなんというか,スタック,,True,1,2025-02-16
194,reindeer,しか,,True,1,2025-02-16
164,Deutsch 読み方,[dɔYtʃ ドィチャ],,False,1,2025-02-20
188,trespass,不法侵入,,True,2,2025-02-23
184,instantaneous,瞬間的な、即座の,,True,4,2025-02-25
183,causative verb,使役動詞,,True,1,2025-02-20
168,What qualifies us to receive pension? , 何が私達が年金をもらうのに適格としますか？,,True,2,2025-03-04
196,#過去は何の意味もない,"#the past is of no consequence""",,False,1,2025-02-25
203,He chose a reputable lawyer to handle his legal matters.,"（彼は法律問題を扱うために評判の良い弁護士を選んだ。）

reputable:評判の良い",,True,1,2025-02-25
193,"They turn up, more often than not, when we least expect them.",たいてい彼らは来ないと思っているときに来る,,False,2,2025-02-25
159,"raid2,3の読み書き単位がビットに対して、raid4,5の読み書き単位は何か？",ブロック,,True,0,2025-03-01
151,sqlにおいて内部結合と外部結合ではどちらが高速ですか.またその理由,,"内部結合
マッチする行のみ取得するため、処理対象のデータ量が少ない",True,1,2025-02-28
166,psychics,霊能力者,,True,2,2025-03-11
192,What is called a circumstellar disc in the outer Solar System？,kuiper belt,,True,1,2025-03-02
189,curation,整理、予約,,True,1,2025-03-02
163,一口ちょうだい,Can I have a bite?,,True,2,2025-03-13
174,beat the hell out of him,ボコボコにする,,True,2,2025-03-12
172,大気圧,atmospheric pressure,,True,1,2025-03-06
156,RAID1は、同じデータを（A）ハードディスクに書き込みすることで耐障害性を高めた構成です。,2本の,,False,1,2025-03-09
160,raid4では冗長ディスクの構成が固定に対して、raid5では冗長ディスクの構成が何か？,分散,,False,1,2025-03-11
171,#banks are free to make a number of new loans,　銀行はたくさんの新規ローンを自由に行う,,True,3,2025-03-13
206,⁵√7　英語でどう表現,the fifth root of seven,,False,0,2025-02-12
214,SYNフラッド（ハーフオープン攻撃）とは？,攻撃者はSYNパケットをひたすら送り続け、サーバーのリソースを消費させることでサービスを停止させます。この一連の攻撃は自動化されたツールやボットネットを利用して行われることが多く、その規模は大きくなりがちです。,,False,0,2025-02-12
200,I don't want to offend anybody.,誰も怒らせたくない,,True,0,2025-02-13
215,sinxcosxを見たら（A）に変更する。’,基本　sin2xにする,,False,0,2025-02-13
55,transit gatewayはどのように略す？,TGW,,False,0,2025-02-13
9,SQSにおいてなぜ可視性タイムアウトを行う必要があるのか。,メッセージの重複処理を防ぐ,,True,0,2025-03-01
93,DynamoDBストリームはDynamoDB テーブルに保存されたデータ項目の（A)をキャプチャする機能です。,変更,,True,0,2025-02-13
39,S3 glacierの種類を3つ述べてください,"glacier deep archive, glacier instant retrieval, glacier flexible retriebal",,True,0,2025-02-13
221,VPCピアリングを行なって二つのVPCを接続したい場合、VPCピアリング接続をマネジメントコンソールから設定するだけでは十分な設定ではない。他にどのような作業が必要か？,サブネットのルートテーブルに送信先にVPCのIPアドレスを設定する。,,False,0,2025-02-13
15,NAT gatewayはどのようなユースケースで用いるか。,あるインスタンスがインターネットへはアクセスしつつインターネットからアクセスされないようなセキュリティ要件が求められる場合。インターネットにアクセスしたい場合としては外部のAPIを使用したい場合など,,True,0,2025-02-13
228,The procurement of raw materials is essential for maintaining production efficiency.,"（原材料の調達は、生産効率を維持するために不可欠である。）

",,False,0,2025-02-14
230,tavern,居酒屋,,False,0,2025-02-14
235,葉酸,folate,,False,0,2025-02-14
232,minion,部下　従者,,True,2,2025-02-16
238,compriseは自動詞か他動詞か？,"他動詞
",,True,1,2025-02-15
234,harpoon ,もり,,True,22,2025-02-16
231,valiant knight,勇敢な騎士,,True,1,2025-02-15
239,He had his driving license revoked.,彼は運転免許を剥奪された。,,True,1,2025-02-15
237,contestant,コンテスト参加者、競技者,,True,2,2025-03-03
236,I undertook an intensive Arabic course.,私はアラビア語の集中コースを受講した。,,True,3,2025-02-16
227,His London accent is very slightly nuanced by an occasional Russian pronunciation.,彼のロンドン訛りには、時折ロシア語の発音が混じる。,,True,2,2025-02-25
205,"After the storm, many houses were kaput","嵐の後、多くの家が壊れていました。
",,True,2,2025-02-25
204,This flashlight's kaput. : ,この懐中電灯 は壊れてる。,,True,1,2025-02-16
212,the workers dismantled the old bridge to make way for a new one.,"（作業員たちは新しい橋を建設するために、古い橋を解体した。）

",,True,1,2025-03-06
233,contagion 発音,kəntéidʒən,,False,1,2025-02-16
225,IPアドレスはコンピュータに設定するのではなく、正確には（A）に設定する。,NIC,,False,2,2025-02-20
209,He was huffing and puffing after carrying all those heavy boxes upstairs.,彼は重い箱を全部2階へ運んだ後、息を切らせていた。,,True,1,2025-02-19
218,What is the time interval from the submission of a process to its completion called?,turnaround time,,False,1,2025-03-13
217,inegral計算において対数の真数が複雑な場合→, 置換,,False,0,2025-02-22
223,WAFで防御できる攻撃の種類を二つ挙げて,SQL injection;XSS,,False,1,2025-03-09
207,"first, second , third , forth, fifthなどをなんとよぶ？",序数,,True,1,2025-02-23
229,lava,溶岩,,True,1,2025-02-25
224,3ウェイハンドシェイクと紐づくプロトコルは？,TCP,,True,1,2025-02-25
226,inegral計算において分母が因数分解の形　→,"部分因数分解

",,False,0,2025-03-09
240,"I hope you don’t take offense, but I think your idea needs some improvement.","（気を悪くしないでほしいんだけど、君のアイデアはもう少し改善が必要だと思うよ。）

",,True,1,2025-02-25
208,what is Austria’s capita,vienna,,True,4,2025-03-14
1,ECS on EC2 とECS on Fargateおいてインフラ管理を行う必要があるのはどちらか,ECS on EC2,,True,1,2025-03-02
216,logxがはいった積分に1/xがある→,　→  微分系の接触を疑う。,,False,2,2025-03-01
220,VPCとAZ（アベイラビリティゾーン）の関係を答えて。　「VPCは複数のAZに（）ている。」,またがって、,,True,3,2025-03-07
213,ディレクトリサービスとはなんですか？,ユーザ名、パスワード、メールアドレスなどをまとめて管理するサービスのこと,,False,1,2025-03-17
222,NAT gatewayネットワークの単元で学習したNATのサービスだが、NATは送信時に送信元のプライベートIPをルータの（A）に変換する。,パブリック,,True,1,2025-03-14
250,She hails from a small town in Italy.,出身,,False,0,2025-02-14
211,He fought bravely against his foe in the final battle.,"（彼は最後の戦いで勇敢に敵と戦った。）

",,True,0,2025-02-14
249,"""the company has a proprietary right to the property”","会社はその財産（資産）に対する所有権を持っている。
",,False,1,2025-03-05
242,Digital watermarking,電子透かし,,True,6,2025-03-06
252,The researchers found a strong causation between smoking and lung cancer.,"（研究者たちは喫煙と肺がんの間に強い因果関係を見つけた。）

",,True,9,2025-03-08
251,"""She ordered a salad, followed by a steak for the main course.""",彼女はサラダを注文し、続いてメインコースとしてステーキを注文しました。,,True,1,2025-03-13
243,what is Telomere ,a region of repetitive DNA sequences at the end of a chromosome,,False,2,2025-03-14
254,30分以内に確認して,check within 30m,,False,0,2025-02-14
258,We need to egress the building quickly in case of an emergency.,"緊急時には、すぐに建物を出る必要があります。
",,False,0,2025-02-15
265,they should stop that absurd fighting.,あんなばかげた喧嘩はやめるべき,,True,3,2025-02-16
255,there you have it.,はい、どうぞ。,,True,1,2025-02-15
185,"My plan doesn't mesh with yours.""","（私の計画はあなたの計画と噛み合わない。調和しない）

",,True,1,2025-02-15
259,The weather this morning is foggy. ,"今朝の天気は霧がかかっている。
",,True,2,2025-02-20
270,The burden of her speech was the importance of education in today's society.,"彼女のスピーチの主題は、今日の社会における教育の重要性だった。
",,False,1,2025-02-16
248,sepal,花弁,,True,1,2025-02-15
283,薄膜トランジスタを使ったアクティブマトリックス方式の液晶ディスプレイ　(=LCD(英語:Liquid Crystal Display))をなんという？,TFT液晶,galax A21 SC42aにも使用されている。,False,2,2025-03-13
264,A: When will we arrive?　B: Beats me.,"（いつ着くの？）
（さっぱりわからないよ。）",,False,0,2025-02-15
281,SSDはHDDに比べて消費電力は多いか少ないか,すくない,,False,1,2025-03-13
245,What is the SI derived unit of radioactivity,becquerel,,True,2,2025-03-02
267,The pandemic took a heavy toll on the economy,"パンデミックは経済に大きな打撃を与えた。

toll: 被害",,False,0,2025-02-16
263,オキソニウムイオン,oxonium ion,,True,0,2025-02-16
260,an unsecured loan,無担保ローン,,True,2,2025-03-01
276,EBSの種類4つ挙げて（SSDを二つ、HDDを二つ）,"汎用SSD（gp3）
;プロビジョンドIOPS（io2）
;スループット最適化HDD（st1）
;コールドHDD（sc1）
",,False,0,2025-02-19
272,gymnosperm,裸子植物,,False,0,2025-02-16
274,ozonolysis,オゾン酸化,,False,0,2025-02-16
275,Amazon EBSでは自動的に暗号化されるがその際はなんというサービスが使用される？,AWS KMS,,False,0,2025-02-19
278,最大容量が多いのはHDD?SSD？,HDD,,False,0,2025-02-19
284,直流電流を交流電流に変換するに変更するものをなんという？,インバーター,,False,0,2025-02-19
246,"She broke the company rules, and now she has to face the music.","（彼女は会社のルールを破ったので、今その責任を取らなければならない。）

",,False,1,2025-02-20
279,軽量なのはHDD?SSD？,SSD,,True,1,2025-02-20
268,The toll booth collects money for the road. ,"料金所は道路のための料金を集めます。
",,False,1,2025-02-20
273,ozonolysis,オゾン酸化,,True,2,2025-02-20
282,CPUがキャッシュメモリから主記憶装置への書き込み方法は２つある。答えて,ライトスルー方式;ライトバック方式,,False,0,2025-02-20
244,モルフォゲンとは,モルフォゲン（英語：morphogen）は発生、変態、再生の際に局在する発生源から濃度勾配を持って発せられ、形態形成を支配する物質である,,False,1,2025-02-20
210,It’s his stock in trade to huff and puff without doing anything himself.,"自分は何もせずに文句だけは言うのは、彼の専売特許です。
","stock in trade も同様に「在庫品、手持ち商品、流通在庫」

を意味します。このほかに stock in trade には「おはこ、

常用手段、固有の技能、十八番」などの意味があります。",False,2,2025-03-09
256,Pollution is a pervasive problem that affects every corner of the planet.,"（汚染は地球の隅々にまで影響を及ぼす蔓延した問題である。）
",pervasiveは広がっている、蔓延している。,False,1,2025-02-23
269,The company's debt has become a burden on its finances.,"その会社の借金は財政に負担をかけている。
",,True,1,2025-02-23
266,some people are daunted by technology.,技術を恐れる人もいる。,,True,1,2025-02-25
277,衝撃に強いのはHDD?SSD?,SSD,,False,1,2025-03-01
140,パーティションを使用するとどうなるのか？,検索が速くなる,,True,2,2025-02-28
271,social capital,社会関係資本,,False,0,2025-03-09
49,ELBのconnection drainingについて説明してください。,"登録解除された、もしくは異常のあるターゲットに対するリクエストを切断するまでの待機時間を設定する機能です
デフォルトでは300秒になっています。

",,False,1,2025-03-04
257,The egress in the emergency exit was blocked by debris,"緊急脱出口のegressががれきで塞がれていた。
",,False,1,2025-03-06
261,異物　英語で　2通りの表現,foreign substance;foreign object,,False,2,2025-03-09
253,Hypochlorous acid,次亜塩素酸,"hypoという単語は「低い」や「不足している」を意味します。
具体的には、""hypoglycemia""（低血糖）や""hypothermia""（低体温）などの単語で見ることができます。

反対語はhyper",True,2,2025-03-13
75,VPCエンドポイントの説明について。VPCとその他のAWSサービスを（A)接続できるサービス。,インターネットを経由せずに,,False,2,2025-03-13
262,It is imperative that you arrive on time for the meeting,"会議には時間通りに到着することが必須です。
",,True,1,2025-03-13
286,プラスとマイナスが常に周期的に入れ替わり、それにともない電気の流れの方向も常に変わっていく、電気の流れの方式を何という,交流,,False,0,2025-02-19
287,vasopressinの働きを答えよ,腎臓の集合管での水分吸収を促進,,False,0,2025-02-19
289,What is SRAM is used for?,cache memory,,False,0,2025-02-19
315,SoCのメリットをあらわす2つのフレーズ2,高速化;低電力消費,,False,3,2025-03-13
288,LCD(liquid-crystal-display) do not emit light directory. How LCD emit light?,using a backlight,,False,5,2025-03-12
355,Microsoft wants to take the pain out of designing web pages.,Microsoftは、Webページのデザインの手間を取り除こうとしている。,,True,4,2025-03-13
280,記憶装置の分類 2,主記憶装置Computer memory;補助記憶装置,,False,1,2025-02-20
312,命令セットはどのようにたとえることができるか？,CPUの国際言語,,False,1,2025-03-09
290,"Which is faster, SRAM? DRAM?","SRAM(SRAM is fast, DRAM is slow)　
SRAM->cache memory DRAM->main memory (Memorize ram as fast instead of non-volatile",,True,2,2025-03-03
48,Route53のフェールオーバルーティングのアクティブ/パッシブとアクティブ/アクティブの違いは？,"構成
アクティブ: メインのリソース（プライマリ）が通常はすべてのトラフィックを処理します。
パッシブ: フェイルオーバーの際にのみ使用されるバックアップのリソース（セカンダリ）。


============+
構成
複数のリソースが同時に「アクティブ」として動作します。
通常は複数のリソース間でトラフィックが分散されます。",,False,1,2025-02-20
305,MIPS(million instructions per second)が高いほど、どうなるか？,コンピュータはより多くの命令を短時間で処理できることを意味します。,,False,0,2025-02-20
307,CPUの性能を表す評価指標の一つで、コンピュータの内部にある発振器が１秒間に発生させる信号の回数のことをなんというか？,クロック周波数,例えば１秒間に2回信号を発生させることを２Hzといいます。,False,0,2025-02-20
309,振動数f(HZ)は周期T(s)の（A）,逆数,,False,0,2025-02-20
311,registerのdranwbackは？,たくさん記憶することができない,,False,0,2025-02-20
313,CPUは大きく二つにわけられる。何となにか？,演算装置、制御装置,,False,0,2025-02-20
314,CPUの主な演算装置は2つあります。それらを答えよ。,"ALUは「Arithmetic Logic Unit」の略で、直訳すると「算術論理装置;もうひとつの演算装置として、

浮動小数点ユニット（FPU）",,False,0,2025-02-20
316,what's the number that the read/write unit is a block in raid?,"4,5",,False,0,2025-02-20
299,スタティックルーティングとダイナミックルーティングのうち手動で経路を設定するものはどれか。,スタティックルーティング,,False,1,2025-02-20
354,私の唇がかさかさ,"My lip is chapped
",,False,0,2025-02-20
291,マルチコアのメリットは、（A）に強いことです。,並列処理,,False,3,2025-03-12
295,分散サービス妨害 (DDoS) に対する保護サービスを答えよ,Amazon Shield,,True,1,2025-03-02
308,クロック周波数が高いほど、CPUの性能は高性能？低い？,高性能,,True,1,2025-02-25
293,シングルAZ、マルチAZ、シングルリージョン、マルチリージョン　←このなかに一つだけそんざいしないシステム構成がある。どれか,シングルリージョン,,False,1,2025-02-28
297,BGPとは一言でいうと,ルーティングプロトコル,,False,2,2025-03-13
302,Floating-point arithmetic(number),浮動小数点,,False,1,2025-03-09
317,What are the benefits of A mechanism called RAID that bundles multiple hard disks into one disk system?2,Reduce access time;It becomes hard to break down.,,False,1,2025-03-01
306,クロック周波数の単位はなんですか？,Hz,,True,1,2025-03-01
303,hyposulfite,次亜流酸塩,,False,2,2025-03-01
292,シングルAZについて説明してください。,ひとつのAZにのみシステムを配置する方式,,True,1,2025-03-02
298,代表的なものを3つ挙げて,RIP;OSPF;BGP,"OSPFやBGPについてはふかぼらない。
これらはネトスペの範囲なので",False,0,2025-03-03
488,生物の細胞間での情報伝達の仲介役は？,receptor,,False,0,2025-03-05
294,マルチAZではなく、マルチリージョン構成にするのはどういう意図があってか？,"マルチAZではリージョン全体の障害には対応できないから
東京リージョンだとあくまで東京近郊あたりに限られそうですから、関東全域で大きなダメージを追うような大規模災害時の対策としては心もとない",,True,1,2025-03-14
300,ルーティングプロトコルであるRIPの最大ポップ数はいくつか。,"15
",,False,1,2025-03-09
301,電源を着るとデータが消失するのはRAM？ROM？,RAM,"語呂合わせ
RAM
→ Running Away Memory（走り去るメモリ）
→ 電源を切るとサッと消えてしまう！
ROM
→ Remains On Memory（残るメモリ）
→ 電源を切っても内容はそのまま！",False,1,2025-03-09
491,Spermの先体に含まれる細胞小器官organnelsのめいしょうは？,golgi body,,True,1,2025-03-09
285,電気の流れには二つの方式がある。挙げて,直流;交流,,True,1,2025-03-09
319,Which one is not suitable for the classical RISC pipeline between RISC AND CISC? And why?,CISC;The length of instruction and execute time are variable.,,False,0,2025-02-20
318,CISCとRISCがどっちがどっちかわからなくなったら、何で思い出す。,"C がcomplex→複雑→多機能
R がReduce→削減→余計なものを削減してシンプルにしてスピードを追求",,False,3,2025-03-12
325,What is previous mainstream of SATA?,IDE,,False,2,2025-03-13
320,単純な命令セットをもっているのはCISC？RISC,RISC,,True,1,2025-03-17
323,Which is RISC or CISC used in PCs and servers?,CISC,,False,0,2025-02-20
324,What is abbreviation for SIMD（シムディー）？,single input multiple datastream,,False,0,2025-02-20
328,キャッシュメモリは（A)と（B）の間に配置される。,CPU;主記憶装置,"
",False,0,2025-02-20
329,CPUがキャッシュメモリと主記憶装置を同時に書き換える方式はライトスルー方式？ライトバック方式？,ライトスルー方式,,False,0,2025-02-20
331,DRAMは何に使われているか？,主記憶装置,,False,0,2025-02-20
114,単細胞生物（ゾウリムシ）の体液濃度調節について　「収縮胞によって（体内/体外）にはいってくる水分を常に（流入/放出）」,収縮胞によって体内にはいってくる水分を常に放出,aa,False,2,2025-02-20
167,"After completing the training program, you will qualify to work as a certified instructor.","（トレーニングプログラムを修了すると、公認インストラクターとして働く資格が得られます。）

",,True,2,2025-02-25
337,埋込みSQLにおいて，問合せによって得られた導出表を1行ずつ親プログラムに引き渡す操作がある。この操作と関係の深い字句はなにか？,"CURSOR
",,True,1,2025-02-20
339,真理値表,true table,,False,0,2025-02-20
353,I wield a broom,ほうきを振り回す,,False,1,2025-03-03
344,プログラム格納方式はDMA方式に比べてどのような欠点があるか？,CPUへの負担が大きいので処理効率がよくない。（低速な入出力を待っている間にCPUは他の処理ができない）,,False,0,2025-02-20
346,I laid aside my idea and asked her advice.,私は自分の考えを置いておいて、彼女のあどばいすを求めた。,,False,0,2025-02-20
348,HDDが磁気ディスクにデータを保存しているのに対して、SSDはどのようにデータをほぞんしているか,フラッシュメモリにデータを保存,,False,0,2025-02-20
351,"I f you missed it o r need a refresher, be sure to read the first part of our series.",見逃した場合や復習が必要な場合は,,False,0,2025-02-20
330,先にキャッシュメモリを書き込み、主記憶は後でまとめて書き変えるという方式はライトスルー方式？ライトバック方式？,ライトバック方式,,False,0,2025-03-11
333,コンデンサに電気を流して記憶しており、定期的にリフレッシュ動作が必要なものはDRAM？SRAM?,,,True,0,2025-02-23
349,What is the difference between mask ROM and PROM?,ユーザーによる消去書き込みができないのがmsdk ROMでユーザーによる消去書き込みができるのがPROM,,False,2,2025-03-06
342,DMAは何の略か？,direct access memory,,False,1,2025-02-25
332,DRAMのリフレッシュ動作として、データを保持するために，一定時間ごとに何をする必要があるか？,アクセスする。,,False,1,2025-02-25
322,複雑な処理を一度の命令で行えるので、多様な作業を効率的にこなせるのはCISC？RISC？,CISC,,True,1,2025-03-13
338,PWM（パルス幅変調）について自由にアウトプット,,"基本情報の免除試験に出題された。

物理の変調　AM変調やFM変調を理解しないといけない気がするな＝
基本情報の問題を解くだけであれば、そこまでの理解は必要ないが。

google docsなどにまとめて理解しないとなー
https://webpia.jp/am-fm/
↑わかりやすそうな記事",False,1,2025-03-13
340,電波の送受信により非接触でICタグのデータを読み書きする自動認識技術を何という？,RFID,電車に乗るときには「ピッ！」ってやるカードを実現するためのやつ,False,1,2025-03-01
345,I am dispose to go out for a walk.,散歩をしたい気分だ,,False,1,2025-03-03
334,SRAMは何回路を使用している？,フリップフロップ回路,,True,2,2025-03-02
347,"a movie starring robert redford""Last night, I watched a movie starring Robert Redford,","ロバート・レッドフォード主演の映画を見た
",,True,1,2025-03-02
335,DHCPは何を行う？,IPアドレスの設定を自動化するプロトコル,,False,2,2025-03-07
350,he looks like a con man.,"「彼は詐欺師のように見える。」
confidence manの略",,True,1,2025-03-04
343,DMA(direct memory access)ではCPUの代わりを何が行うか？,DMAコントローラ,,False,3,2025-03-13
336,RARPの機能は？,MACアドレスからIPアドレスを求める,,True,2,2025-03-14
327,レーザー光をパルス状に照射し，その反射光を測定することによって，対象物の方向，距離及び形状を計測するセンサは何？,LiDAR　ライダー,,False,3,2025-03-15
357,What is installed in smartphones such as iPhone and Android instead of CPU?,Soc (CPUとメモリ、マザーボードなどが高度に集積されたパーツを搭載しています。,,False,0,2025-02-21
358,flip-flopとの関わりがあるのはSRAMかDRAMか？,SRAM,,True,0,2025-02-23
356,A good mentor can take the pain out of learning a new skill.,"優れたメンターは、新しいスキルを習得する際の苦労を軽減してくれます。
",,False,0,2025-03-08
352,arsenal,武器庫,,True,1,2025-02-22
341,DMA制御方式ではDMAと、よばれる装置がCPUを介さずになにをおこなうか？,Transfer data between memory and input /output(5大装置を想像してください,,False,1,2025-02-22
361,He was sentenced to two concurrent prison terms.,"（彼は2つの刑を同時に執行される判決を受けた。）

",,False,0,2025-02-23
362,He held two concurrent positions at different companies.,"（彼は異なる会社で2つの役職を同時に務めていた。）

",,False,0,2025-02-23
367,I'm making a revision to the plan,"私は計画の改訂をしています。
",,False,0,2025-02-23
369,She tried to interject during the meeting. ,"彼女は会議中に割り込もうとしました。
",,False,0,2025-02-23
370,"In the project, each ally contributed their unique skills.","そのプロジェクトでは、各仲間がそれぞれの特技を提供しました。
",,False,0,2025-02-23
371,The campfire blazed brightly as we sang songs around it.,"キャンプファイヤーが明るく燃え上がり、私たちはその周りで歌った。
",,False,0,2025-02-23
326,In what way does SoC contrast with traditional pc?,"Traditional pc architecture separates components based on function and connects them through a central interfacing circuit board. Whereas a motherboard houses and connects detachable or replaceable components, SoCs integrate all of these components into a single integrated circuit",,False,1,2025-02-23
372,マスクROMの特徴を二つ答えて,"不可逆なデータ書き込み：（ROMチップが製造される際に、メーカーや開発者が固定したデータデータが焼き込まれるため、一度書き込まれたデータは変更できません。）;安定性と信頼性：
マスクROMは不変のデータを保持するため、コンピュータや電子機器の安定性と信頼性を高めることができます。固定されたデータが正しく動作することが保証されるため、システムの安全性を確保するのに有効です。",,False,0,2025-02-23
376,RDSにおいてマルチAZとごっちゃになってしまう特性を持った機能は何か？,リードレプリカ,,False,0,2025-02-25
359,DRAMと結びつけるワード2,Memory refresh(because RAM is volatile memory that temporarily stores the files you are working on);高集積化,,False,1,2025-03-13
379,倍音を英語で,overtone,,False,3,2025-03-09
382,what is the flow of compile?,字句解析lexical analysis;構文解析syntax analysis;意味解析semantic analysis;中間コードの生成;コードの最適化,,True,0,2025-02-25
631,DNAの塩基配列を調べる手法を何という？,サンガー法,,False,0,2025-03-14
385,aws のサービスであるインターネットゲートウェイについて、（A）が外部のネットワークと接続するために必要となるAWSのコンポーネントです。,VPC,,True,1,2025-03-04
387,インターネットは何にアタッチするか？またNATゲートウェイは何にアタッチするか,インターネットゲートウェイ→VPC;NATゲートウェイ→AZ,,False,0,2025-02-25
368,We want to achieve a unanimous vote. ,"私たちは全会一致の投票を実現したい。
",,False,1,2025-02-28
384,光源からの反射や屈折，透過を計算し描画していく手法をなんと呼ぶ？,ray tracing,,True,0,2025-02-28
381,1オクターブの音程を12等分した音律を何というか,12平均律,,True,3,2025-03-09
360,he crumpled up the paper bag.,紙のバッグをくしゃくしゃにする,,True,1,2025-02-28
490,What organs destroy red blood cells?2,spleen;liver,,False,0,2025-03-05
383,Which is faster compiler or interpreter?,compiler,,True,1,2025-03-02
132,推移的ルーティングについて説明してください。,直接せつぞくされていない二つのネットワーク間について、中間のネットワークを経由して通信すること,,True,3,2025-03-02
448,寒流では降水量が少ないというのがポイントだったが、寒流付近では一年中降水量が少なく砂漠になってしまいます。その結果できた砂漠を何という？,海岸砂漠,,False,0,2025-03-02
373,彼女は雲が怖い,she is terrified by spiders.,,False,2,2025-03-09
447,寒流では、暖流の逆で、水蒸気が発生せず降水量が（A）ということを覚えておく。,少ない,,False,1,2025-03-03
365,She studied intensely for her final exams.,"彼女は期末試験のために強く勉強した。
",,True,1,2025-03-03
521,二胚葉動物はなにか？,刺胞動物,,False,1,2025-03-08
492,What is protein relevant to tight junction?,Claudin ,,False,0,2025-03-05
380,音程とは一言で表すと何？,音と音の距離,,True,2,2025-03-11
386,プライベートサブネットの通信は、インターネットゲートウェイを通るか、通らないか,通らない,IGWは基本的に パブリックサブネット専用。,True,1,2025-03-13
377,AWS RDSにおいてマルチAZを配置する目的は何か。またその理由,"高可用性
高可用性」は、システムの「稼働時間」に焦点を置いた言葉で、「長時間システムを利用できる状態」を意味する。
もし、1つのAZのみにRDSインスタンスを配置した場合、地震等の災害の影響でAZに障害が発生すると、RDSインスタンスも影響を受ける可能性がある。",,False,2,2025-03-09
366,The enemy was routed by the army. ,"敵軍は軍に敗れた。
",routという単語は「敗北」や「逃げること」を意味します。,False,2,2025-03-09
363,liuetenants,中尉,,False,2,2025-03-13
601,The company has a subsidiary in Japan,子会社を持っています。,,True,1,2025-03-13
375,私は英語が堪能です。 fluentを使用する。,I am fluent in English,,True,1,2025-03-13
562,密着結合を英語で？,"tight junction
",,False,2,2025-03-13
141,indexを人に説明するときの例えを答えて,"データベースのインデックスは、本や辞書の 索引 と同じです。  たとえば 300 ページの MySQL の本があるとして、insert という単語があるページを調べたいとします。  索引はアルファベット順に整理されているので insert はすぐ見つかり、p25, p47, p128 と目印が書いてあるのでページもすぐにわかります。  索引が ( まんま ) インデックスで、本がディスクですね、ページは場所 ( アドレス ) に相当するでしょうか。 同じですね。  もしこの索引がなければ、全部のページを読まないと insert という単語があるページはわかりません。 データを全検索するしかないって悩みと同じですね。やってられません。  insert って単語を探したい人とチューニングに関してまとめて読みたい人がいるでしょうから、本の章立てを最初からどちらかに決めておくこともできません。 データをしまうときの悩みと同じですね。  索引は単語のインデックスで、目次は内容のインデックスとでも言えるでしょうか。 同じ本に複数のインデックスが作れるのも同じですね。",,True,1,2025-02-26
389,HTTPSの終端を扱うAWSのサービスは二つある。それらを答えよ。また、そもそもHTTPSの終端とはなにか？,"ALB, API gateway;HTTPSの終端（Termination）は、HTTPSトラフィックが復号され、通常のHTTPトラフィックに変換されるプロセスです一般的には、負荷分散装置（Load Balancer）、リバースプロキシ、またはサーバー自体で行われます。",,False,0,2025-02-27
390,SSLを一言で説明してください,通信内容を暗号化する仕組み,,False,0,2025-02-27
392,SSLの暗号化の流れの中で、クライアント側で（公開鍵・秘密鍵）を使って共通鍵を暗号かする。またサーバ側で（公開鍵・秘密鍵）を使って共通鍵を復号化する。,"クライアント側で公開鍵
サーバ側で秘密鍵",,False,0,2025-02-28
394,IPSとはなにか（基本情報に出題された）,サーバやネットワークへの侵入を防ぐために不正な通信を検知して遮断する装置,,False,0,2025-02-28
402,主張の型4,感情型;共有型;警報型;要望型,,False,1,2025-03-09
404,準平原はいつの時代の地層が隆起して長期間侵食されてできた地形か？,Precambrian,,False,3,2025-03-13
396,EVMにおいてPVとは,"planed value
計画上の出来高のことです。
これを基準に遅延（コストオーバー）などを判断します。",,False,0,2025-02-28
397,EVMにおいてEVとは,EV（Earned Value）とは、実際に完成している実績値です。,,False,0,2025-02-28
401,Kinesis Data Streamsでは、プロバイダーから送信されたデータが利用可能（=コンシューマーが読取り可能）になる時間が（A）と非常に短いです。,1秒未満,,False,0,2025-02-28
406,trade windはどちらから西から東or 東から西どちらにふくか？おぼえかたは？,from East to WEST,,False,0,2025-02-28
409,3種類の恒常風を答えて,貿易風;極東風;偏西風,,False,0,2025-02-28
393,SSLの流れにおいて、クライアントからのSSLの要求に対して、（A）は証明書をクライアントに送付する。,WEBサーバ,,True,2,2025-03-13
400,kinesis data streamsからデータを取り出す方法として例を3つあげて,lambda;amazon data firehose;EMR,"
",False,0,2025-03-01
405,ラトソルの栄養は多いか少ないか？,すくない,,True,2,2025-03-09
399,キャッサバは何の原料？,"タピオカ
ちなみにキャッサバは焼畑農業の代表的な作物",,True,0,2025-03-03
412,ラトソルの色は何色？,赤色,,True,0,2025-03-02
407,季節によって風向きが変わる風のことを何という？,季節風,,True,0,2025-03-02
449,ペルー海流（寒流）が原因の砂漠は？,アタカマ砂漠,,False,0,2025-03-02
450,亜寒帯のタイガに多く分布している土壌はなにか？,podzol,,False,0,2025-03-02
451,土壌のpodzolは農業に向かない。なぜか,強酸性のため。,,False,0,2025-03-02
453,ベンゲラ海流（寒流）の海岸にある砂漠は（海岸砂漠は）？,ナミブ砂漠,,False,0,2025-03-02
403,力 x 距離,work,,True,1,2025-03-03
452,西ヨーロッパの国って高緯度にあるのにそこまで寒くない。それはなぜか,暖流がふくため,,True,2,2025-03-11
446,cuestaはどこでよく見られる？,構造平野,,False,1,2025-03-03
391,SSL証明書はどこが発行する？,CA（認証局）,,False,1,2025-03-09
398,熱帯雨林気候の土壌は?,ラトソル,,True,1,2025-03-06
395,ELB（ALB）とAPI gatewayをHTTPS末端にするというのはELBとAPI gatewayをSSLのフローでいうところの（WEBサーバ・WEBクライアント）にするということ。これのどっちか,WEBサーバ,,False,3,2025-03-09
410,季節風が起きる要因として覚えるフレーズとして「陸地は（A）しやすく、（B）しやすい」,あたたまりやすくさめやすい,,True,1,2025-03-11
388,"特定のAWSサービス(EC2, SNS)からのみSQSへのアクセスを許可してまたは特定のAWSサービス（lambda）からのみSQSへのアクセスを禁止するには何を設定する？",SQSアクセスポリシー,,True,0,2025-03-13
417,RDSにおいてマルチAZにはできなくて、read replicasにはできることを一つ挙げて。,リージョンを跨いでのレプリケーションを行うことができること。,,False,0,2025-03-01
419,He flushed the toilet.,トイレを流した,,False,0,2025-03-01
420,ストレージに特化したインスタンスタイプは？,l3enインスタンスタイプ,,False,0,2025-03-01
421,SNS トピックのメッセージ配信先サブスクリプションとして、SQS キューを指定することは可能か？,可能,,False,0,2025-03-01
426,SQSとSNSを両方使う構成をなんという？,ファンアウトパターン（構成）,,False,0,2025-03-01
427,redshift spectrumで（A）に対して直接データ解析が可能。,S3バケっット,,False,0,2025-03-01
429,準平原で見られる地形にはどのようなものがある？,モナドック,,True,2,2025-03-11
430,cuestaの代表例,パリ盆地,,False,0,2025-03-01
431,硬い地層と柔らかい地層が交互に堆積したものが、傾斜して侵食されてできる地形をなんという？,cuesta　ケスタ,,False,0,2025-03-01
433,日本語では残丘といい、周囲から取り残されてできた丘のような地形をなんという？,モナドック,,False,0,2025-03-01
423,気温の低減率とは,標高が上がるにつれて気温が低くなる割合のことを言います。,,True,1,2025-03-13
425,ユーラシア大陸や、北アメリカ大陸に着目したときに大陸の西側に対して大陸の東側は気温が高いか低いか。またその理由は？,"低い。;海流の影響

大陸の西側: 暖流（例: 北大西洋海流、黒潮など）が流れ、沿岸部の気温が比較的温暖になる。
大陸の東側: 寒流（例: カリフォルニア海流、親潮など）が流れ、気温が低くなりやすい。",https://juken-geography.com/systematic/temperature/,False,0,2025-03-01
416,RDSにおいて、マルチAZとread replicasの目的をそれぞれ答えよ,"マルチAZ→高可用性
具体的には システムのダウンタイムを最小限に抑え、常に利用可能な状態を維持すること。

;read replicas→スケーラビリティ
システムの負荷が増えたときに適切にリソースを拡張し、パフォーマンスを維持すること。
パフォーマンスの維持→これが重要","Use Multi-AZ deployments for High Availability/Failover and Read Replicas for read scalability.
https://medium.com/awesome-cloud/aws-difference-between-multi-az-and-read-replicas-in-amazon-rds-60fe848ef53a",False,1,2025-03-13
424,標高が高く、気温が同じ緯度に比べてもかなり低いという地域の気候のことを何という？,高山気候,,False,1,2025-03-02
440,仏教には上座仏教と大乗仏教がある。戒律がしっかりしている仏教はどちらか。,上座仏教,,False,1,2025-03-02
436,気温の年較差を考える時の3つのポイント,緯度;隔海度;大陸のどこか,,False,1,2025-03-02
219,AWSにおいて、リージョンの中にAZ（アベイラビリティゾーン）があるか、AZ（アベイラビリティゾーン）の中にリージョンがあるかどっちか？,リージョンの中にAZがある。,,True,1,2025-03-02
443,The meeting has been tentatively scheduled for next Tuesday.,会議は一時的に来週の火曜日に予定されている。,,False,0,2025-03-02
441,大乗仏教を信仰している東南アジアの国は？,ベトナム,,False,1,2025-03-02
445,メサと同じ原理でできた地形で、メサよりも小規模な地形を何という？,ビュート,,False,1,2025-03-06
434,ECSはコンテナを動かす実行環境サービスではなく（A）である。,コンテナオーケストレーションサービスである。,,True,1,2025-03-06
415,AWS glue data catalogにおいて（A）により自動メタデータ登録が可能,glueクローラ,,False,1,2025-03-09
418,RDSのread replicasにデータの書き込みは可能か。不可能か。,不可能。データの書き込みはプライマリデータベースに行う必要がある。readという文字通り。,,True,1,2025-03-09
435,"raid2,3の読み書き単位は？",ビット,,False,1,2025-03-09
442,フィリピンがキリスト教を信仰している理由は？,16世紀にスペインの植民地になったため。,,True,0,2025-03-09
428,気温の較差とは,最大と最小の差のこと,,True,2,2025-03-09
432,パリ盆地のケスタでは、急斜面を利用して（A）栽培がされています。,ぶどう,,True,2,2025-03-11
438,暖流の例として、ヨーロッパの西側を北上する（A）が挙げられます。,北大西洋海流,,True,2,2025-03-11
472,静電場において単位電荷を想定したときに受ける力のことを何という？,電場,,False,1,2025-03-10
460,物体が電気を帯びることを何という？,帯電electrification,,False,1,2025-03-06
484,卵と精子は、（A）の途中で出会って受精をします。,輸卵管,,True,2,2025-03-10
464,地中海性気候はどのようなアルファベットで表す？,Cs,,False,0,2025-03-03
466,特殊な名前が付けられている地域性の強いかぜのことを名のち雨？,局地風,,False,0,2025-03-03
470,クーロンの法則の公式は何の公式に似ている？,万有引力,,False,0,2025-03-04
471,"重力に逆らって,外力が物体をもち上げる仕事をするとき,その仕事は重力による（A）になる",位置エネルギー,,False,0,2025-03-04
437,暖流は低緯度、高緯度どちらからどちらに流れる？,低緯度から高緯度,,True,1,2025-03-04
444,They hoped to conjure up the spirit of their dead friend,彼らは死んだ友人の魂を呼び起こすことを望んでいた。,,False,0,2025-03-04
364,The cowboys roundup the cattle in the evening. ,"カウボーイたちは夕方に牛を取り囲む。
",,False,3,2025-03-05
475,モルフォゲン（英語：morphogen）は発生、変態、再生の際に局在する発生源から濃度勾配を持って発せられ、（A）を支配する物質である,形態形成,,False,0,2025-03-05
477,各波長の光に対する光合成効率のグラフをなんという？,作用スペクトル,,False,1,2025-03-08
481,触覚部分が足になった突然変異体を何という？また、腹部に翅が出現した突然変異体を何という？,"アンテナぺディア突然変異体
;バイソラックス突然変異体",,False,0,2025-03-05
459,振動数f(Hz)の逆数は？,"周期 T (秒) 
振動数が高いほど周期は短くなり、振動数が低いほど周期は長くなります。",,False,0,2025-03-06
483,内外2枚の生体膜で囲まれた細胞小器官の例を3つあげよ,核;葉緑体;ミトコンドリア,,False,0,2025-03-05
478,カエルの前後軸の決定とショウジョウバエの前後軸の決定はそれぞれいつか。,"カエルの前後軸の決定→ 受精時
ショウジョウバエの前後軸の決定→受精前",,False,0,2025-03-17
485,通常の体細胞分裂と比べて卵割に見られる特徴は？,同調分裂する,,False,0,2025-03-05
486,（A）が濃度勾配をを作り、動物極側（予定外胚葉側）に作用して中胚葉を誘導する,ノーダルタンパク質,,False,0,2025-03-05
479,吸収スペクトルと作用スペクトルの横軸はともになにか？,光の波長(nm),,False,1,2025-03-08
473,重力と静電気力が対応することで公式の丸暗記をする必要がなくなるが、質量に対応するものはなにか？また、重力加速度に対応するものはなにか？,質量→電荷;重力加速度→静電場,"電場と重力場を関連させて考えることで、丸暗記に陥らない理解へと繋げることができます。

質量m x 重力加速度g = 重力mg

重力と静電気量が対応している。
重力加速度と静電場が対応している。
質量と電荷が対応している。",False,0,2025-03-13
467,He is an incorrigible liar.,彼は救い用のない嘘つきだ。,,True,0,2025-03-09
457,S3 バケットで公開しているコンテンツを、CloudFront からのアクセスのみに制限するための機能を何という,"Origin Access Identity (OAI)
またはOrigin Access Control (OAC)",,False,1,2025-03-09
468,だまされました。trickを使用する,I got tricked,,True,1,2025-03-09
455,I went to the party to mingle with some new people. ,"私は新しい人と交流するためにそのパーティーに行きました。
",,True,1,2025-03-09
408,熱帯低気圧が接近すると、気圧が低下するため、海面が吸い上げられて何という現象が起きる？,高潮,,True,2,2025-03-10
456,赤道付近は太陽の光を直にあたるため、空気が温められて常に上昇気流が発生しています。,,,False,1,2025-03-11
480,空気を抜いた状態で光合成で発生するO2の由来を調べる実験は？結論：O2は水由来だと判明。,ヒルの実験,,False,2,2025-03-13
454,高気圧と低気圧があったときに風はどちらからどちらにふく？,高気圧から低気圧,,True,1,2025-03-11
462,2つの電荷にはたらく クーロン力F は、 距離の2乗に（A） し、 電気量の積に（B) するのですね。,"A = 反比例
B = 比例",,True,1,2025-03-13
465,気候因子と気候要素の違いは？,"気候因子は原因で気候要素は結果
つまり因果

緯度や高度、地形や海流などを気候因子という。",,True,1,2025-03-13
411,熱帯（A気候）のうち乾季なしの気候は何？,熱帯多雨林気候,,False,2,2025-03-14
469,You're running a marathon? give me a break,きみがまらそん？冗談だろw,,True,1,2025-03-14
458,TCP/IPネットワークで用いられるルーティングプロトコルは、大きくわけて2つに分類できます。それらは？,"IGP
EGP",,False,0,2025-03-14
463,フランスでは食料自給率が（A）%を超える。,100,,True,0,2025-03-14
476,卵黄egg yolk　＝　（A）を妨げる物質,卵割cleavage,,True,0,2025-03-17
461,[Ω]の抵抗をもつ導体がある。 この導体の長さを2倍，断面積を4倍にした場合と，長さを3倍，断面積を1/2倍にした場合のそれぞれについて，抵抗がいくらになるかを求めよ。,1/2R;6R,,True,1,2025-03-17
489,1塩基が欠失することにより、形質に影響が与えられるしくみを説明せよ,欠失によりフレームシフトがおこり、アミノ酸配列が大きく変化するため（,,False,0,2025-03-05
494,The committee was vested with the authority to make final decisions on the project.,"その委員会はプロジェクトに関する最終的な決定を下す権限を与えられた。
(vest: 権限を与える)
",,False,0,2025-03-05
495,Please enumerate the items on the agenda for the meeting.,"会議の議題の項目を列挙してください。
",,False,0,2025-03-05
497,I need to fabricate a new costume for Halloween. ,"ハロウィンのために新しい衣装を作り上げる必要がある。
","fabricateという単語は「作り出す」や「でっち上げる」を意味します。この言葉は主に物理的なものを作成する際や、真実でない情報を意図的に作り出す場合に使われます
この2つの意味は、文脈によって異なる印象を与えます",False,0,2025-03-06
498,私の服に焼肉の匂いがつく。noun is the smell,the smell of grilled meat lingers on my clothes.,,False,0,2025-03-06
499,彼はストレス発散のために走る。,He runs to relieve stress.,,False,0,2025-03-06
501,The country's hegemony in the region was evident through its strong influence on neighboring nations.,"その国の地域での覇権は、隣国に対する強い影響を通じて明らかでした。
",,False,0,2025-03-06
503,The savagery of the battlefield was unlike anything he had experienced before,"戦場の野蛮さは彼がこれまで経験したことのないものであった。
",,False,0,2025-03-06
482,原口背唇部から（A）や（B）が分泌されて、これらがBMPに結合することで、BMPは受容体に結合できなくなる。その結果原口背唇部に近い背側の外胚葉の細胞は表皮ではなく、（C）に分化する,"ノギン
コーディン
神経管",,False,1,2025-03-06
504,The news of her sudden departure filled him with a sense of torture that he couldn't escape.,"彼女の突然の逝去の知らせは、彼に逃れられない精神的な苦痛をもたらした。
",,False,0,2025-03-06
310,熱や光をはじめとする自然界の情報を量としてとらえて電気信号に変換するものをなんという？,センサー,,False,2,2025-03-06
506,aws direct connectのメリットは？2つ,"インターネット回線を使用せず、専用のプライベートなネットワークで接続するためセキュリティが高い;専用線のため帯域幅が確保され、安定した通信速度で接続できます
（インターネットが混み合っていても大丈夫）",,False,0,2025-03-07
508,MTU(Maximum Transmission Unit)とは,通信用に細切れにしたデータの大きさ制限で「これくらいの大きさの細切れデータなら通れるよ（送れるよ）」な最大値のこと,,False,0,2025-03-07
374,clandestine,極秘,,True,5,2025-03-14
509,A class of steroid hormones that regulate salt and water balance are called mineralocorticoids.,鉱質コルチコイド,,False,0,2025-03-07
510,生態系内のエネルギーはどのような形で移動するか？,有機物,,False,0,2025-03-07
511,生態系内の物質とエネルギーはそれぞれ循環するかどうか答えよ,"エネルギー：循環しない
物質：循環する。",,False,0,2025-03-07
512,生態系内を有機物で移動したエネルギーは最終的にどのような形で生態系外へ放出されるか,熱エネルギー,,False,0,2025-03-07
514,椎茸の旨味の成分は？,Guanylic acid,,False,0,2025-03-07
515,Why DNA dissolved in water?,DNAは極性の高いリン酸基をもっているため,内容的にはchemistryかな？,False,0,2025-03-07
513,Seedless watermelonは何倍体？,triploid,,True,1,2025-03-08
422,気温の分布で大事なことは3つ。,緯度;標高;大陸の西岸か東岸か,,False,2,2025-03-08
517,Do fungus have cell wall？,Yes,,False,0,2025-03-08
518,What is the chlorophyll that Euglena has?,a & b,,False,0,2025-03-08
519,What chlorophyll did plants get the fastest in their evolution?,chlorophyll a,,False,0,2025-03-08
522,子のう菌類を英語で何という？,Ascomycota,,False,0,2025-03-08
523,子のう菌類の例を二つあげて,赤パンカビ　あおかび,,False,0,2025-03-08
559,現代では否認されているtheory of evolution,発生反復説;Lamarckism,,False,0,2025-03-09
487,中胚葉は（A）胚葉が（B）胚葉からの働きかけを受けることで生じる。,"A = 外
B = 内",,False,2,2025-03-10
520,亜門を英語で,subphylum,,True,1,2025-03-09
553,静止電位は膜外を0mVとしたとき約何mV？,-70,,True,1,2025-03-10
507,わかりそうでわからないのサイトでMPUは何と例えている？,"通信世界における自動車の車高制限みたいなもの。
",,False,1,2025-03-12
505,ネットワークACLはステートレスですか？ステートフルですか？,ステートレス,,True,0,2025-03-14
493,He wore a vest over his shirt.,"彼はシャツの上にベストを着ていた。
",,True,1,2025-03-13
500,there is no antidote to this poison,この毒に解毒剤はない,,True,1,2025-03-13
496,She was hurt by the name-calling from her classmates.,"彼女は同級生からの中傷で傷ついた。
",,True,1,2025-03-13
541,what is Cinnamon efficacy?,Cinnamon may help lower blood sugar levels by increasing insulin sensitivity.,,False,2,2025-03-13
525,子のう菌の子のう胞子は1つの二核性細胞から幾つ形成されるか？,8,,False,0,2025-03-09
526,What is the cell wall of fungus made of?,chitin,,False,0,2025-03-09
527,動物の血管系の分類2,閉鎖血管系と開放血管系,,False,0,2025-03-09
529,原生動物の例2,ゾウリムシ　アメーバ,,False,0,2025-03-09
532,担子菌の生活環　子実体⇒担子胞子⇒菌糸⇒二核性細胞⇒（A）,子実体,https://d12rf6ppj1532r.cloudfront.net/images/k/0/sci_bio/12_1_12_2/k_sci_bio_12_1_12_2_image01.png,False,0,2025-03-09
533,胞胚から切り出した予定外胚葉と予定内胚葉を合わせて培養することで予定（A）胚葉が神経管に分化する。,外,,False,0,2025-03-09
82,kinesis data streamsにおいてシャドーとは？,流れてくる一連のデータレコードを保持します。データが乗っかるベルトコンベアのようなものとイメージいただけると良いです。1 つの Kinesis Data Streams の中には複数のシャードが存在します。シャードが増えれば増えるほど、一度に流せるデータの量が増えます。Kinesis Data Streams のスケーリングの単位でもあります。,,True,2,2025-03-09
474,単位電荷とは？,1Cのこと,"
「単位○○」は、ある単位系で１になる量のこと。

ＳＩ単位系で、「単位時間」なら、１秒のこと。「単位長さ」なら１ｍのこと。「単位電荷」は１Ｃのこと。
単位系が違えば、「単位○○」の量は違ってくる",False,1,2025-03-09
534,以下高潮の説明。熱帯低気圧が接近すると、気圧が低下するため、海面が（A）,吸い上げられる,,False,0,2025-03-09
538,HCLOはなんの化学式,次亜塩素酸,,False,0,2025-03-09
539,nucleotideはヌクレオシドが何結合で連結しているか？,"Phosphodiester bond
ホスホジエスチル結合",,False,0,2025-03-09
540,What animals have echolocation?3,bat;Dolphin;whale,,False,0,2025-03-09
528,血管系をもたない動物は？,棘皮動物,,False,1,2025-03-10
530,独立栄養の原生生物の例は？,ミドリムシ→光合成を行う,,False,1,2025-03-09
516,旧口動物のうち脱皮をする脱皮動物を二つ答えよ,節足動物;線形動物,,False,1,2025-03-09
542,地形に関して、形に由来した名称と成因に由来した名称がある。それぞれの例を二つ答えよ,"形に由来→楯状地、卓状地
;成因に由来→準平原、構造平野",構造平野と卓状地の違い、準平原と楯状地の違いというのは、かなりあいまいです,False,0,2025-03-09
543,受容器で受け取った刺激情報を処理したり、効果器に指令を出している神経系を（A）という。,中枢神経系,,False,0,2025-03-09
544,脊椎動物の中枢神経系は（A）（B）からなる,脳　脊髄,,True,0,2025-03-14
548,大脳の外側である大脳皮質は灰白質？白質？,灰白質,,False,0,2025-03-09
549,ニューロンの軸索は（A）という薄い膜構造に包まれている,神経索,,False,0,2025-03-09
558,"What cells do not have centrosomes?""",plant cell,,False,0,2025-03-09
547,平衡保持の中枢であるのは何脳？,小脳 cerebellum,"小脳はフラミンゴのイメージ
ただよびの講師が言っていた",True,0,2025-03-13
545,大脳の外側である大脳皮質は二つに分けれる。なにとなに,新皮質;辺縁皮質,,False,1,2025-03-13
524,担子菌の担子胞子は1つの二核性細胞からいくつ作成されるか？,4,,False,2,2025-03-13
439,ELBのConnection Drainingは既存の接続を開いたまま、登録解除または異常なインスタンスへのELBのリクエスト送信を（A）する機能です。これにより、ロードバランサーは、登録解除または異常なインスタンスに対して行われた実行中のリクエストを完了するトラフィック処理を実施します。,停止,,True,2,2025-03-13
120,個々のニューロンにおける活動電位の大きさは、神経が刺激の強さの情報を伝える仕組みに関与しているか。していないか,"違う。
正解は「個々のニューロンにおける興奮の頻度」",,True,4,2025-03-13
535,hypoの反対語は？,hyper,"hypoglycemia
Hyperglycemia",True,1,2025-03-13
537,隔海度とは？,海からどれだけ離れているかの度合いです,,True,0,2025-03-16
378,RDSを使用する場合において、設定で必須した方がよいものは何か？また、理由は？,"マルチAZ
1つのAZのみにRDSインスタンスを配置した場合、地震等の災害の影響でAZに障害が発生すると、RDSインスタンスも影響を受ける可能性があるため",,True,3,2025-03-14
550,中枢神経系に向けて情報を伝える神経を何という？,求心性神経,"https://www.youtube.com/watch?v=7dbv7EwJW2s
13:07",False,0,2025-03-09
551,中枢神経からの情報を伝える神経を何という？,遠心性神経,,False,0,2025-03-09
555,活動電位が生じる時、ニューロンが刺激を受けると（A）が開きNa+を細胞内に流入させることで内側をplusにする。その後遅れて（B）が開いてK+が細胞外に流入して、minusに戻る,電位依存性ナトリウムチャネル;電位依存性カリウムチャネル,,False,0,2025-03-09
560,What Causes Mass Extinction in the Cretaceous?,Meteorite impact,,False,0,2025-03-09
536,He wields a sword with great skill.,"彼は剣を見事に操る。
",,False,1,2025-03-09
296,AWSへの接続方法には2つ方法があり、インターネットを使用する方法としない方法（専用線接続）があるが、しない方法はどのようなサービスがあるか？,AWS direct connect,,True,3,2025-03-11
554,ニューロンは一定以上の強さの刺激を受けるとその部位で瞬間的に細胞内外の電位がどうなるか？,逆転する（外側がminus 内側がplus）,,True,1,2025-03-12
552,ニューロンの軸索の膜電位の測定において膜の内外における電位差を何という,"静止電位
resting membrane potential(resting potential.)",,True,0,2025-03-13
557,種子の発芽を抑制する植物ホルモンは？,アブシシン酸,,True,1,2025-03-13
556,光受容体であるクリプトクロムは何色の光を受容する？,blue,,True,1,2025-03-14
561,stressは自分を強くすると考えている人の脳から分泌されるストレスホルモンは？,"Dehydroepiandrosterone
デヒドロエピアンドロステロン",,False,0,2025-03-09
304,ダイオードなどは，1つの向きにしか電流が流れないので，これに交流をかけると直流（ 脈流 みゃくりゅう ）が 得られる。 このような作用をなんというか,整流作用,,True,3,2025-03-09
563,ハーディワインベルグを英語で,Hardy–Weinberg,,False,0,2025-03-09
564,イネではジベレリンは（A）で合成される,胚,,False,0,2025-03-10
565,The sponge is porous and absorbs water quickly,"そのスポンジは多孔性があり、水を速く吸います。
",,False,0,2025-03-10
566,His eyes were strangely compelling,彼の目は奇妙なほど人を引きつけた,,False,0,2025-03-10
567,Her story was so compelling that I couldn't stop listening to her.,彼女の話は非常に魅力的で、私は彼女の話を聞くのをやめられなかった。,,False,0,2025-03-10
569,locust,イナゴ,,False,0,2025-03-10
571,She felt a pang of pain in her stomach after eating that spicy food.,"辛い食べ物を食べた後、彼女はお腹に鋭い痛みを感じた。
pang: 突然の鋭い痛み",,False,0,2025-03-10
572,イネにおいてジベレリンは何に働きかけるか,粉粉層,,False,0,2025-03-10
574,フィとクロムのPf型？Pfr型がジベレリンの合成を誘導し発芽を促す,Pfr,,False,0,2025-03-10
575,末梢神経系は二たつに分類される。なにとなに,体性神経系;自律神経系,,False,0,2025-03-10
546,ヒトの反射中枢は（A）（B）（C）が代表的である。,脊髄;延髄;中脳,"https://www.youtube.com/watch?v=vvlCYyJmvdM
参考
16:30",False,1,2025-03-10
576,活動電位が軸索の末端に到達すると、末端部にある（A)が軸索の膜に融合する。,シナプス小胞,,False,0,2025-03-10
578,腎臓一個あたり、このネフロンは （A）個あります。,100万個,,False,0,2025-03-10
579,腎臓においてナトリウムイオンはどこで再吸収されるか,腎細菅,,False,0,2025-03-10
582,抗体の絵を描いてください。頭の中に　H鎖L鎖　定常部　可変部なども描いて,,,False,0,2025-03-10
583,抗体のタンパク質を何という？,免疫グロブリン,,False,0,2025-03-10
585,一つの卵原細胞は体細胞分裂と減数分裂を経て最終的に一つの卵と（A)つの極体を生じる,3,,False,0,2025-03-10
531,ウーズは、生物を3種類に分類しました。 細菌ドメイン、古細菌ドメイン、真核生物ドメインです。 このような分類のしかたを、（A）といいます。,三ドメイン説,,False,1,2025-03-11
587,先に（A）を書き込み、主記憶は後でまとめて書き変えるという方式をライトバック方式と呼ぶ。,キャッシュメモリ,,False,0,2025-03-11
586,卵形成に関して卵原細胞から最後の卵までの細胞のDNA量の変化をグラフで描いて,https://d12rf6ppj1532r.cloudfront.net/images/k/0/sci_bio/4_1_2_3/k_sci_bio_4_1_2_3_image02.png,,False,0,2025-03-11
588,（A）が作用することでセルロース繊維間の多糖の切断が促され植物細胞の細胞壁が緩むのでその分だけ植物細胞内に水が入ってきて吸水でき細胞が成長する。,オーキシン,,False,0,2025-03-11
589,植物の細胞成長には（A）成長と（B）成長がある。どちらの成長を示すかは細胞壁においてセルロース繊維がどの方向に（C）するかによって決まる。,伸長成長;肥大成長;配列,,False,0,2025-03-11
590,オーキシンの働き。（A）を緩め吸水することで細胞を大きくする（成長させる）,細胞壁,,False,0,2025-03-11
592,茎と根のオーキシンに対する感受性について、茎の方が根よりオーキシンに対する感受性が（A）い。,低い,,False,0,2025-03-11
593,植物の内皮細胞のなかには（A）と呼ばれる重力を感知する構造体が存在する。,アミロプラスト,,False,0,2025-03-11
594,オーキシンの極性移動にはオーキシンを排出する（A）とオーキシンを取り込む（B）の膜タンパク質が働いている。,PINタンパク質;AUXタンパク質,,False,0,2025-03-11
597,筋肉の明帯は（A）フィラメントからなる部分,アクチン,,False,0,2025-03-11
598,大脳は多数の神経細胞の（A）が集まった白質と、（B）の集まった灰白質からなる。,神経繊維;細胞体,,False,0,2025-03-12
599,大脳の（A）皮質には本能行動に関する中枢がある。,辺縁,,False,0,2025-03-12
596,（A）状態になると葉内ではアブシシン酸の濃度が高まり、気孔を閉じて水分の損失を抑えようとする。,乾燥,,False,1,2025-03-13
580,刺胞動物の例1,クラゲ,,True,1,2025-03-13
577,腎小体はなにとなにに分けれる？,糸球体;ボーマンのう,,True,1,2025-03-13
573,光の照射によって発芽が促進される種子を何という,光発芽種子,,True,1,2025-03-13
632,染色体が見えないのはいつの時期か？,間期,,False,0,2025-03-14
595,植物の気孔は光合成に必要な（A）を取り込むために行う。,二酸化炭素,,True,0,2025-03-14
570,He felt a pang of guilt after lying to his friend.,"友人に嘘をついた後、彼は罪悪感に苛まれた。
pang:心の苦痛",,True,1,2025-03-14
584,様々な種類のリンパ球はすべて（A）に由来する,骨髄,,False,1,2025-03-14
581,ウニは何動物,棘皮動物,,True,1,2025-03-14
675,ピレネー山脈どこにある？,,,False,0,2025-03-16
602,シナプスでは神経伝達物質による（一方向 ／ 両方向）性の伝達が生じる,一方向,,False,0,2025-03-13
603,Amazon S3のバケット作成時にデフォルトで暗号化されるかいなか,される,,False,0,2025-03-13
604,The artist's latest work contrasts sharply with his earlier pieces.,そのアーティストの最新作は、彼の以前の作品とは大きく異なります。,,False,0,2025-03-13
605,"Through introspection, you can gain a deeper understanding of yourself.","内省を通じて、自分自身をより深く理解することができます。
",,False,0,2025-03-13
606,The statue was erected as a tribute to the fallen heroes of the war.,"その像は戦争で亡くなった英雄たちへのトリビュートとして建立された。
",,False,0,2025-03-13
619,プラスミドのような目的とする遺伝子の運び手のことを何という,ベクター,,False,0,2025-03-13
620,外部から遺伝子を導入し、導入前になかった形質が現れること,形質転換,,False,0,2025-03-13
607,She only had a handful of candies to share with her friends.,"彼女は友達と分けるためにキャンディーをほんの少ししか持っていなかった。
",,False,1,2025-03-13
609,fat hydrogenation,,"脂肪の水素添加という意味です。日本語ではよく「脂肪の水素化」や「油脂の硬化」と訳されます。

簡単に説明すると…
植物油や動物脂肪に水素（H₂）を添加して、化学的に安定させたり、固体化したりするプロセスのこ",False,0,2025-03-13
610,調節タンパク質によって遺伝子の発現調節を受けるタンパク質の遺伝子を何という？また調節タンパク質の遺伝子を何という？,構造遺伝子;調節遺伝子,,False,0,2025-03-13
612,大腸菌においてラクトースがない場合、オペロン付近にある（A）と呼ばれる転写調節領域にリプレッセーが結合して、RNAポリメラーゼがプロモーターへ結合するのを妨げることで、転写は抑制される。,オペレーター,,False,0,2025-03-13
613,遺伝子組み変えにおいて、遺伝子を切断する酵素を何という？,制限酵素,,False,0,2025-03-13
615,トランスジェニック生物を作り出す方法として（A）という植物細胞に感染する細菌をもちいて遺伝子組み換え植物を作り出す。,アグロバクテリウム,,False,0,2025-03-13
106,the prove that an equilateral triangle has the maximum area among all triangles with a fixed perimeter,"正三角形にならない時に面積が最大になると仮定すると、ある隣合う2辺が存在してその長さが長さが異なる。
このとき、三角形の各頂点をA,B,Cとして、長さの異なる2辺をAB,ACとする。
ここで、AをAB+ACが一定になるように動かすことを考えると、楕円の定義から、AはB,Cを焦点とする楕円上を動く。ここで面積が最大になるのは、Aが直線BCから最も離れる時、つまりAが楕円の短軸の端点にあるときであり、このときにAB=ACとなるので、B,Cを固定したままAB+ACを変化させずに、AB=ACとなるようにAを動かすことで、面積をさらに大きくすることができ、最大性の仮定に矛盾する。
よって、面積は正三角形の時に最大となる。",,False,1,2025-03-13
247,I’ll use all my extra power to finish this project ahead of schedule.,"（このプロジェクトを予定より早く終わらせるために、余力をすべて使うよ。）

",,False,3,2025-03-13
611,調節タンパク質のうち、転写を抑制するものを何という？,リプレッサー,,False,1,2025-03-13
616,大腸菌においてラクトースだけが存在する場合は、リプレッサーが（A）することによって、RNAポリメラーゼが機能し、転写が始まる。,結合部位から離れる,,False,0,2025-03-13
617,真核生物において、RNAポリメラーゼがプロモーターが結合するには（A）が必要,基本転写因子,,False,0,2025-03-13
621,電気移動法で利用するDNAの性質として、DNAは（A）に帯電している。,負,,False,0,2025-03-13
622,脂肪酸からアセチルCoAを作る反応,β酸化,,False,0,2025-03-13
623,The scientist carefully poured the liquid into the vial for testing,"科学者は注意深く液体を試験用の小瓶に注ぎました。
",,False,0,2025-03-14
624,Many people were saddened by the demise of the beloved actor,"The company's demise was caused by poor management decisions. 
",,False,0,2025-03-14
626,春先に地中海からイタリア南部に向けて吹いてくる高温多湿な風は？,シロッコ,,False,0,2025-03-14
627,ディナルアルプス山脈の場所はどこ？,,,False,0,2025-03-14
628,Traveling while you’re young is the way to go.,若いときに旅行をするのがベストだね。）,,False,0,2025-03-14
629,"In psychology, the subconscious  is the part of the mind that is not currently of focal awareness.",心理学において、「潜在意識（subconscious）」とは、現在意識の焦点に入っていない心の一部を指します。,,False,0,2025-03-14
618,遺伝子の範囲の単語、SNPの読み方,すにっぷ,,True,0,2025-03-14
614,ベクターの例は？,プラスミド,,True,0,2025-03-14
608,転写を促進・抑制するタンパク質を何という,調節タンパク質,,True,0,2025-03-14
625,maslow’s hierarchy of needs,マズローの,,False,1,2025-03-14
591,オーキシンは茎の先端部で合成された後、（A）部から（B）側へ移動していき、逆方向に輸送されることはない。このように物質が特定の方向に輸送されることを（C）と呼ぶ。,先端;B=基部;C=極性移動,,True,1,2025-03-14
630,We are learning how to do multiplication.,私たちは掛け算のやり方を学んでいます,,True,1,2025-03-14
634,markovnikov’s rule,,,False,0,2025-03-14
635,減数分裂において、相同染色体同士の接着を何という,対合,,False,0,2025-03-14
637,減数分裂の過程を二つの名前に分けることができる。それぞれ答えよ,第一文列;第二分裂,,False,0,2025-03-14
633,染色体上における遺伝子の占める位置を何という？,遺伝子座Locus,,False,0,2025-03-17
638,生物学におけるcytoの意味,cell,,False,0,2025-03-14
639,"After much thought, she decided to egress from the committee.","彼女はよく考えた後、委員会を離れることに決めました。
",,False,0,2025-03-14
636,相同染色体が対合してできたものを何という？,ニ価染色体Bivalent,,False,0,2025-03-14
502,nothing is quite what you'd hope it would be,何もあなたが望んでいた通りにはならない。(期待通りのものは何もありません),"""quite""（副詞）：「完全に」「まったく」
""what you'd hope it would be""
""what""（関係代名詞）：「～であるもの」
""you'd hope"" = ""you would hope""（あなたが望む）
""it would be""（それが～である）",True,2,2025-03-14
640,減価償却,,,False,0,2025-03-14
642,卵細胞の極体が生じるのは動物極側か、植物極側か。,動物極,,False,0,2025-03-14
643,"動物の初期発生において、卵割（細胞分裂の一種）ではG1,G2期をしばしば欠くため（A）という特徴がある",細胞周期が短い,,False,0,2025-03-14
644,ウニの発生においてプルテウス幼生とプリズム幼生ではどちらが先か,プリズム幼生,,False,0,2025-03-14
645,プリズム幼生期において、原腸は外胚葉と接触して（A）になる部分が決まり、一次間充織から（B）が生じる,口;骨片,,False,0,2025-03-14
646,どうしてRARPプロトコルが必要なのか,"機器は電源を入れた時、自分のMACアドレスは知っている。
でもネットワークで通信するためには、IPアドレスが必要。",,False,0,2025-03-14
668,骨格筋、心筋、平滑筋のうち核が多核のものはどれか？,骨格筋,,False,0,2025-03-14
641,一個の一次精母細胞から（A）個の精子が生じる,4,,True,1,2025-03-14
647,dicotyledon,双子葉植物,,False,0,2025-03-14
648,チベット高原はどの場所にある。想像する,,,False,0,2025-03-14
649,イヌイットは（A）と呼ばれる住居で生活。,イグルー,,False,0,2025-03-14
650,ammunition,弾丸,,False,0,2025-03-14
651,光合成での反応は大きく二つに分けることができる。①（A）での反応。②（B）での反応,チラコイド;ストロマ,,False,0,2025-03-14
652,光合成色素は、太陽や電球などの光を吸収すると、活性化状態になります。 光合成色素が光を吸収する反応を、（A）といいます。,光化学反応,,False,0,2025-03-14
653,光合成色素には、クロロフィルa、クロロフィルb、カロテン、キサントフィルなどの種類がありました。 これらは別々の物質ですが、活性化されると、すべて（A）となります。,活性化クロロフィルa,,False,0,2025-03-14
2,green-blue 環境について説明してください,アプリケーションをデプロイする際、例えばオンプレミスな物理サーバ上で動作するアプリケーションの場合、メンテナンス日を設けて一時的にサービス停止させたりしてサーバ上で動作するアプリケーションを入れ替えたりすることが多いかと思います。;ブルーグリーンデプロイメントはアプリケーションをデプロイする際のデプロイ方式の１つでAWS等のクラウドサービスでアプリケーションをデプロイする場合、クラウドのメリットの１つとなるサービス作成・廃棄することが簡単にできることを活かして、もう１セットのサービスを用意して、テストしてから切り替えることで安全に、ダウンタイムもほぼ無いリリースができる技術となります。,,False,4,2025-03-14
654,アウトストラーダ・デル・ソーレとは？,イタリア最長の高速道路,,False,0,2025-03-14
655,C4回路を夜間、C3回路を昼間に行う植物を何という？,CAM植物,"
",False,0,2025-03-14
656,カルビン・ベンソン回路の1番目の反応では、（A）が生成されます。,PGA,,False,0,2025-03-14
657,植物中のRuBisCOは、C3回路の1番目の反応で、空気中からCO2を取り込む働きする。 しかし、RuBisCOは、強光下では（A）,二酸化炭素ではなく、酸素を取り込んでしまう,,False,0,2025-03-14
658,C3植物は、強い光の中では枯れてしまう。この理由についてRubiscoという単語を用いて説明,,,False,0,2025-03-14
659,tradewindのふくむきの覚え方,"trade -> touzai

両方tから始まる",,False,0,2025-03-14
660,myriapoda,"多足動物
",,False,0,2025-03-14
661,echinoderm,棘皮動物,,False,0,2025-03-14
662,loss aversion,損失回避,,False,0,2025-03-14
663,My company needs to comply with the newly-enacted environmental laws.,"「私の会社は、新たに制定された環境法に従う必要がある。」

",,False,0,2025-03-14
664,静止中心quiescent centeの働き,コルメラ始原細胞の分化を抑制し、根端分裂組織を維持する,,False,0,2025-03-14
665,体腔3種類,偽体腔;真体腔;無体腔,,False,0,2025-03-14
666,respirationの酸化的リン酸化は有機物の酸化を駆動としてADPにリン酸をつけているのに対して、光リン酸化では（A）を駆動力としてADPにリン酸をつけている。,光,,False,0,2025-03-14
667,筋肉の収縮時に明帯、暗帯、サルコメアのうち、長さが変わらないものはどれか。,暗帯,,False,0,2025-03-14
669,興奮がニューロンの軸索末端まで伝導してくると、（）が放出され、（）は筋繊維の受容体に結合して、興奮の伝達が起こる。,アセチルコリン,,False,0,2025-03-14
670,ATPは筋肉中に貯蔵できる量が限られているため、貯蔵を超えて合成された分は（A）や（B）という形態で蓄えられる,クレアチンリン酸;グリコーゲン,,False,0,2025-03-14
671,skeletal muscle,骨格筋,,False,0,2025-03-14
672,あなたの会社ではAWSアカウントを「本番（Production）」と「開発（Dev）」で分けている。 開発環境から「本番環境のS3バケット」にログをバックアップしたい。AWSにおいてこの要件を満たすには何を使えば良いか。,sts assume role,,False,0,2025-03-15
673,スループットとは。時間あたりの（A）,処理能力,,False,0,2025-03-15
674,熱帯とは、最寒月平均気温、 最も寒い月の平均気温が（A）度以上という場所,18,,False,0,2025-03-16
676,"cloudfrontディストリビュションへのアクセス情報（アクセス元IP,リクエストURL、日時）を最低一年以上保存するためのサービス機能はなにか？",cloudfrontアクセスログ,,False,0,2025-03-17
677,ノギンやコーディンはどこから分泌されるのか？,原口背唇,,False,0,2025-03-17
678,卵割を英語で,"cleavage
/ˈkliːvɪdʒ/",,False,0,2025-03-17
